,title,price,link,brand,model,location
0,iphone 14 pro 128 gb unlocked black,400.0,https://washingtondc.craigslist.org/mld/mob/d/silver-spring-iphone-14-pro-128-gb/7913097759.html,iphone,iPhone 14 Pro,"
                        maryland
                    "
1,iphone 6s,45.0,https://washingtondc.craigslist.org/nva/mob/d/fairfax-iphone-6s/7894637282.html,iphone,iPhone 6S,"
                        northern virginia
                    "
2,samsung s7 hardshell silver case,,https://newyork.craigslist.org/brk/mob/d/brooklyn-samsung-s7-hardshell-silver/7913101888.html,samsung,missing,"
                        brooklyn
                    "
3,samsung s8 hardshell pink glitter case,,https://newyork.craigslist.org/brk/mob/d/brooklyn-samsung-s8-hardshell-pink/7913101772.html,samsung,missing,"
                        brooklyn
                    "
4,auto charger sprint pcs,17.0,https://newyork.craigslist.org/brk/mob/d/brooklyn-auto-charger-sprint-pcs/7876815015.html,missing,missing,"
                        bensonhurst
                    "
5,google pixel 4a 5g phone,40.0,https://york.craigslist.org/mob/d/seven-valleys-google-pixel-4a-5g-phone/7896310289.html,google,Pixel 4,"
                        seven valleys pa
                    "
6,iphone 17 otterbox profile black case,,https://longisland.craigslist.org/mob/d/plainview-iphone-17-otterbox-profile/7908645753.html,iphone,iPhone 17,"
                        plainview
                    "
7,iphone 16e,175.0,https://newhaven.craigslist.org/mob/d/naugatuck-iphone-16e/7909015311.html,iphone,iPhone 16,"
                        naugatuck
                    "
8,blackberry z30,40.0,https://newhaven.craigslist.org/mob/d/naugatuck-blackberry-z30/7909015360.html,missing,missing,"
                        naugatuck
                    "
9,iphone 16e,175.0,https://hartford.craigslist.org/mob/d/naugatuck-iphone-16e/7911884569.html,iphone,iPhone 16,
10,cell phone asus zenfone 2 e & leather case,,https://albany.craigslist.org/mob/d/middleburgh-cell-phone-asus-zenfone-e/7902799293.html,missing,missing,"
                        middleburgh,albany
                    "
11,new at&t calypso u318aa cell phone,50.0,https://albany.craigslist.org/mob/d/middleburgh-new-att-calypso-u318aa-cell/7902798965.html,missing,missing,"
                        middleburgh,albany
                    "
12,vanity 212 number for sale,50.0,https://newyork.craigslist.org/mnh/mob/d/new-york-vanity-212-number-for-sale/7912196053.html,missing,missing,"
                        midtown
                    "
13,new motorola w376g tracfone vga camera 4x zoom bluetooth flipphone,60.0,https://hudsonvalley.craigslist.org/mob/d/garnerville-new-motorola-w376g-tracfone/7876905933.html,motorola,missing,"
                        rockland county
                    "
14,wanted iphone 17 pro max 512gb 1tb 2tb & apple watch ultra 3,1000.0,https://newyork.craigslist.org/que/mob/d/long-island-city-wanted-iphone-17-pro/7908014229.html,iphone,iPhone 17 Pro Max,"
                        queens
                    "
15,wanted wanted iphone 17 pro max locked / unlocked. text me your price,700.0,https://newyork.craigslist.org/que/mob/d/long-island-city-wanted-wanted-iphone/7906596162.html,iphone,iPhone 17 Pro Max,"
                        queens
                    "
16,cell phone,25.0,https://washingtondc.craigslist.org/nva/mob/d/fairfax-cell-phone/7904752872.html,missing,missing,"
                        fairfax
                    "
17,"gold iphone 6 plus 16gb - (cdma compatible: verizon, sprint, etc.)",30.0,https://hartford.craigslist.org/mob/d/new-britain-gold-iphone-plus-16gb-cdma/7893974659.html,iphone,iPhone 6 Plus,"
                        new britain
                    "
18,samsun galaxy tab s7 fe’s,160.0,https://philadelphia.craigslist.org/mob/d/levittown-samsun-galaxy-tab-s7-fes/7903304501.html,missing,missing,"
                        levittown
                    "
19,"iphone 12,13,14 box only",,https://washingtondc.craigslist.org/nva/mob/d/fairfax-iphone-box-only/7879694381.html,iphone,iPhone 12,"
                        fairfax
                    "
20,samsung wireless fast charger,20.0,https://washingtondc.craigslist.org/nva/mob/d/fairfax-samsung-wireless-fast-charger/7878111708.html,samsung,missing,"
                        fairfax
                    "
21,motorola vintage car phone,,https://longisland.craigslist.org/mob/d/bohemia-motorola-vintage-car-phone/7909778577.html,motorola,missing,"
                        bohemia
                    "
22,apple iphone xr 64gb - unlocked,130.0,https://newyork.craigslist.org/brk/mob/d/brooklyn-apple-iphone-xr-64gb-unlocked/7912508917.html,iphone,iPhone XR,"
                        brooklyn
                    "
23,iphone 13 (spotless),250.0,https://newyork.craigslist.org/mnh/mob/d/new-york-iphone-13-spotless/7888318987.html,iphone,iPhone 13,"
                        midtown
                    "
24,get this moto g used motorola,90.0,https://newyork.craigslist.org/mnh/mob/d/new-york-get-this-moto-used-motorola/7890734453.html,motorola,Moto G,"
                        midtown
                    "
25,get this iphone 13 now for less,150.0,https://newyork.craigslist.org/mnh/mob/d/new-york-get-this-iphone-13-now-for-less/7890709450.html,iphone,iPhone 13,"
                        midtown
                    "
26,"ipjone 16 plus in the stack of iphone"" display 200",200.0,https://newyork.craigslist.org/mnh/mob/d/new-york-ipjone-16-plus-in-the-stack-of/7890707170.html,missing,missing,"
                        midtown
                    "
27,android smartphones 5g under 200,99.0,https://newyork.craigslist.org/mnh/mob/d/new-york-android-smartphones-5g-under/7890703569.html,missing,missing,"
                        midtown
                    "
28,samsung galaxy a14 5g,89.0,https://newyork.craigslist.org/mnh/mob/d/new-york-samsung-galaxy-a14-5g/7890705672.html,samsung,missing,"
                        midtown
                    "
29,iphone 15 pro (get this now),200.0,https://newyork.craigslist.org/mnh/mob/d/new-york-iphone-15-pro-get-this-now/7896508927.html,iphone,iPhone 15 Pro,"
                        midtown
                    "
30,charger port fix it,,https://washingtondc.craigslist.org/nva/mob/d/herndon-charger-port-fix-it/7892018577.html,missing,missing,"
                        herndon
                    "
31,fix it your phone back glass,,https://washingtondc.craigslist.org/nva/mob/d/herndon-fix-it-your-phone-back-glass/7892013084.html,missing,missing,"
                        herndon
                    "
32,unlocked white iphone se 2020 | 64gb,75.0,https://frederick.craigslist.org/mob/d/frederick-unlocked-white-iphone-se-gb/7906786875.html,iphone,missing,"
                        frederick
                    "
33,samsung galaxy s23 fe || 128 gb || perfect shape + case,150.0,https://frederick.craigslist.org/mob/d/frederick-samsung-galaxy-s23-fe-128-gb/7908606604.html,samsung,Galaxy S23,"
                        frederick
                    "
34,old phones,50.0,https://baltimore.craigslist.org/mob/d/westminster-old-phones/7910145931.html,missing,missing,"
                        westminster
                    "
35,airpods max,450.0,https://newyork.craigslist.org/fct/mob/d/stamford-airpods-max/7913073670.html,missing,missing,"
                        stamford
                    "
36,motorola moto g power unlocked,60.0,https://newyork.craigslist.org/brk/mob/d/motorola-moto-power-unlocked/7900383921.html,motorola,Moto G Power,"
                        williamsburg
                    "
37,brand new iphone 12 64gb mdm bypass,160.0,https://newyork.craigslist.org/mnh/mob/d/new-york-brand-new-iphone-12-64gb-mdm/7912613755.html,iphone,iPhone 12,"
                        new york
                    "
38,iphone xr 256gb conversion 17 pro,290.0,https://newyork.craigslist.org/mnh/mob/d/new-york-iphone-xr-256gb-conversion-17/7909190515.html,iphone,iPhone XR,"
                        new york
                    "
39,iphone 16 pro max 512gb,990.0,https://newyork.craigslist.org/mnh/mob/d/new-york-iphone-16-pro-max-512gb/7909188568.html,iphone,iPhone 16 Pro Max,"
                        new york
                    "
40,iphone 16 pro unlocked,620.0,https://newyork.craigslist.org/mnh/mob/d/new-york-iphone-16-pro-unlocked/7909600244.html,iphone,iPhone 16 Pro,"
                        new york
                    "
41,iphone 15 pro max 1tb unlocked,990.0,https://newyork.craigslist.org/mnh/mob/d/new-york-iphone-15-pro-max-1tb-unlocked/7909281027.html,iphone,iPhone 15 Pro Max,"
                        new york
                    "
42,iphone 15 pro 1tb unlocked,900.0,https://newyork.craigslist.org/mnh/mob/d/new-york-iphone-15-pro-1tb-unlocked/7909216722.html,iphone,iPhone 15 Pro,"
                        new york
                    "
43,iphone 15 pro 256gb,620.0,https://newyork.craigslist.org/mnh/mob/d/new-york-iphone-15-pro-256gb/7910431298.html,iphone,iPhone 15 Pro,"
                        new york
                    "
44,iphone 15 pro 128gb unlocked,470.0,https://newyork.craigslist.org/mnh/mob/d/new-york-iphone-15-pro-128gb-unlocked/7909188540.html,iphone,iPhone 15 Pro,"
                        new york
                    "
45,iphone 15 plus 128gb unlocked,560.0,https://newyork.craigslist.org/mnh/mob/d/new-york-iphone-15-plus-128gb-unlocked/7909188507.html,iphone,iPhone 15 Plus,"
                        manhattan
                    "
46,iphone 15 128gb unlocked,480.0,https://newyork.craigslist.org/mnh/mob/d/new-york-iphone-gb-unlocked/7911118645.html,iphone,iPhone 15,"
                        new york
                    "
47,iphone 14 pro max 1tb unlocked,850.0,https://newyork.craigslist.org/mnh/mob/d/new-york-iphone-14-pro-max-1tb-unlocked/7909199577.html,iphone,iPhone 14 Pro Max,"
                        new york
                    "
48,iphone 14 pro (sim card tray),570.0,https://newyork.craigslist.org/mnh/mob/d/new-york-iphone-14-pro-sim-card-tray/7909188473.html,iphone,iPhone 14 Pro,"
                        new york
                    "
49,iphone 13 pro max 1tb,750.0,https://newyork.craigslist.org/mnh/mob/d/new-york-iphone-13-pro-max-1tb/7909186629.html,iphone,iPhone 13 Pro Max,"
                        new york
                    "
50,iphone 13 pro max 256gb,550.0,https://newyork.craigslist.org/mnh/mob/d/new-york-iphone-13-pro-max-256gb/7909186607.html,iphone,iPhone 13 Pro Max,"
                        new york
                    "
51,iphone 13 pro max unlocked,480.0,https://newyork.craigslist.org/mnh/mob/d/new-york-iphone-13-pro-max-unlocked/7911118308.html,iphone,iPhone 13 Pro Max,"
                        new york
                    "
52,iphone 13 pro 128gb,400.0,https://newyork.craigslist.org/mnh/mob/d/new-york-iphone-13-pro-128gb/7910430622.html,iphone,iPhone 13 Pro,"
                        new york
                    "
53,iphone 13 128gb pink unlocked,350.0,https://newyork.craigslist.org/mnh/mob/d/new-york-iphone-gb-pink-unlocked/7910468545.html,iphone,iPhone 13,"
                        new york
                    "
54,iphone 13 mini 128gb unlocked,360.0,https://newyork.craigslist.org/mnh/mob/d/new-york-iphone-13-mini-128gb-unlocked/7911327691.html,iphone,iPhone 13 Mini,"
                        new york
                    "
55,iphone 13 mini 128gb unlocked,300.0,https://newyork.craigslist.org/mnh/mob/d/new-york-iphone-13-mini-128gb-unlocked/7909216877.html,iphone,iPhone 13 Mini,"
                        new york
                    "
56,iphone 13 mini 128 unlocked,280.0,https://newyork.craigslist.org/mnh/mob/d/new-york-iphone-13-mini-128-unlocked/7909186535.html,iphone,iPhone 13 Mini,"
                        new york
                    "
57,iphone 12 pro max 512gb,500.0,https://newyork.craigslist.org/mnh/mob/d/new-york-iphone-12-pro-max-512gb/7909195976.html,iphone,iPhone 12 Pro Max,"
                        new york
                    "
58,iphone 12 pro max 128gb unlocked,370.0,https://newyork.craigslist.org/mnh/mob/d/new-york-iphone-12-pro-max-128gb/7909217153.html,iphone,iPhone 12 Pro Max,"
                        new york
                    "
59,iphone 12 pro max 128gb,350.0,https://newyork.craigslist.org/mnh/mob/d/new-york-iphone-12-pro-max-128gb/7909197771.html,iphone,iPhone 12 Pro Max,"
                        new york
                    "
60,iphone 12 pro 128gb,310.0,https://newyork.craigslist.org/mnh/mob/d/new-york-iphone-12-pro-128gb/7909184749.html,iphone,iPhone 12 Pro,"
                        new york
                    "
61,iphone 12 128gb unlocked,260.0,https://newyork.craigslist.org/mnh/mob/d/new-york-iphone-gb-unlocked/7909184724.html,iphone,iPhone 12,"
                        new york
                    "
62,iphone 12 64gb unlocked,260.0,https://newyork.craigslist.org/mnh/mob/d/new-york-iphone-12-64gb-unlocked/7909184692.html,iphone,iPhone 12,"
                        new york
                    "
63,iphone 12 64gb,250.0,https://newyork.craigslist.org/mnh/mob/d/new-york-iphone-12-64gb/7909184665.html,iphone,iPhone 12,"
                        new york
                    "
64,iphone 12 64gb,220.0,https://newyork.craigslist.org/mnh/mob/d/new-york-iphone-12-64gb/7909195736.html,iphone,iPhone 12,"
                        new york
                    "
65,iphone 12 mini 64gb,250.0,https://newyork.craigslist.org/mnh/mob/d/new-york-iphone-12-mini-64gb/7909197313.html,iphone,iPhone 12 Mini,"
                        new york
                    "
66,samsung galaxy a23 5g uw unlocked,100.0,https://newyork.craigslist.org/brk/mob/d/brooklyn-samsung-galaxy-a23-5g-uw/7906072399.html,samsung,missing,"
                        dyker heights
                    "
67,motorola moto g power 5g 2024 factory unlocked,120.0,https://newyork.craigslist.org/brk/mob/d/brooklyn-motorola-moto-power-5g-2024/7909120010.html,motorola,Moto G Power,"
                        dyker heights
                    "
68,tired of your overpriced phone bill? how does $5 per month sound? here’s how u,,https://washingtondc.craigslist.org/mld/mob/d/washington-tired-of-your-overpriced/7892677752.html,missing,missing,"
                        washington
                    "
69,tired of your overpriced phone bill? how does $5 per month sound? here’s how u,,https://newyork.craigslist.org/brk/mob/d/staten-island-tired-of-your-overpriced/7882345030.html,missing,missing,"
                        staten island
                    "
70,usb ac/dc power charger with 1 usb port – $5 each or $20 for the lot,,https://philadelphia.craigslist.org/mob/d/newtown-square-usb-ac-dc-power-charger/7913062218.html,missing,missing,"
                        newtown square
                    "
71,otterbox iphone 7 or 8 cell phone case with clip,,https://delaware.craigslist.org/mob/d/wilmington-otterbox-iphone-or-cell/7913061491.html,iphone,iPhone 7,"
                        wawaset park
                    "
72,"unlocked samsung galaxy a13 5g 6.5"" octa-core 64gb 50mp android 13 new",80.0,https://washingtondc.craigslist.org/nva/mob/d/fairfax-unlocked-samsung-galaxy-a13-5g/7898618455.html,samsung,missing,"
                        fairfax, va
                    "
73,"unlocked samsung galaxy a03s 6.5"" octa-core 32gb 13mp android 13 new",70.0,https://washingtondc.craigslist.org/nva/mob/d/fairfax-unlocked-samsung-galaxy-a03s-65/7898618445.html,samsung,missing,"
                        fairfax, va
                    "
74,"boost mobile motorola moto g play 2024 6.5"" 64gb 50mp android new",60.0,https://washingtondc.craigslist.org/nva/mob/d/fairfax-boost-mobile-motorola-moto-play/7890451276.html,motorola,Moto G,"
                        fairfax, va
                    "
75,"boost mobile samsung galaxy a13 4g lte 6.5"" 32gb smartphone no sim new",60.0,https://washingtondc.craigslist.org/nva/mob/d/fairfax-boost-mobile-samsung-galaxy-a13/7907470892.html,samsung,missing,"
                        fairfax, va
                    "
76,"unlocked samsung galaxy a25 5g 6.5"" octa-core 128gb  android 16 new",160.0,https://washingtondc.craigslist.org/nva/mob/d/fairfax-unlocked-samsung-galaxy-a25-5g/7910512142.html,samsung,missing,"
                        fairfax, va
                    "
77,"smart cell phone- schok volt sv55, black",45.0,https://cnj.craigslist.org/mob/d/hightstown-smart-cell-phone-schok-volt/7888624628.html,missing,missing,"
                        hightstown
                    "
78,212 number / 212 numbers for sale,,https://newyork.craigslist.org/mnh/mob/d/new-york-212-number-212-numbers-for-sale/7912013139.html,missing,missing,"
                        midtown
                    "
79,doberman pincher,800.0,https://longisland.craigslist.org/mob/d/plainview-doberman-pincher/7907328024.html,missing,missing,"
                        plainview ny
                    "
80,verizon car iphone charger,18.0,https://newyork.craigslist.org/mnh/mob/d/new-york-verizon-car-iphone-charger/7912149626.html,iphone,missing,"
                        upper east side
                    "
81,new unlocked samsung a51 mobile cell smart phone,199.0,https://newyork.craigslist.org/que/mob/d/elmhurst-new-unlocked-samsung-a51/7893690915.html,samsung,missing,"
                        elmhurst
                    "
82,new moxee mobile cell smart phone,,https://newyork.craigslist.org/que/mob/d/elmhurst-new-moxee-mobile-cell-smart/7893691013.html,missing,missing,"
                        elmhurst
                    "
83,speck iphone 7 plus case,,https://washingtondc.craigslist.org/nva/mob/d/leesburg-speck-iphone-plus-case/7872612676.html,iphone,iPhone 7 Plus,"
                        leesburg
                    "
84,iphone 6s+ 64gb,120.0,https://newyork.craigslist.org/mnh/mob/d/new-york-iphone-6s-64gb/7912589789.html,iphone,iPhone 6S,"
                        new york
                    "
85,iphone 11 pro max 256gb,380.0,https://newyork.craigslist.org/mnh/mob/d/new-york-iphone-11-pro-max-256gb/7910429998.html,iphone,iPhone 11 Pro Max,"
                        new york
                    "
86,iphone 11 black 64gb,220.0,https://newyork.craigslist.org/mnh/mob/d/new-york-iphone-11-black-64gb/7909184632.html,iphone,iPhone 11,"
                        manhattan
                    "
87,iphone xs 256gb,250.0,https://newyork.craigslist.org/mnh/mob/d/new-york-iphone-xs-256gb/7909183488.html,iphone,iPhone XS,"
                        new york
                    "
88,iphone xr 256gb,260.0,https://newyork.craigslist.org/mnh/mob/d/new-york-iphone-xr-256gb/7909114519.html,iphone,iPhone XR,"
                        new york
                    "
89,iphone xr 128gb,210.0,https://newyork.craigslist.org/mnh/mob/d/new-york-iphone-xr-128gb/7909198250.html,iphone,iPhone XR,"
                        new york
                    "
90,iphone 8 plus 64gb black,170.0,https://newyork.craigslist.org/mnh/mob/d/new-york-iphone-plus-64gb-black/7909183457.html,iphone,iPhone 8 Plus,"
                        new york
                    "
91,iphone 6s 64gb,120.0,https://newyork.craigslist.org/mnh/mob/d/new-york-iphone-6s-64gb/7909598376.html,iphone,iPhone 6S,"
                        new york
                    "
92,iphone 6s 16gb 32gb unlocked,80.0,https://newyork.craigslist.org/mnh/mob/d/new-york-iphone-6s-16gb-32gb-unlocked/7909182590.html,iphone,iPhone 6S,"
                        new york
                    "
93,iphone 6 plus unlocked,80.0,https://newyork.craigslist.org/mnh/mob/d/new-york-iphone-plus-unlocked/7909182548.html,iphone,iPhone 6 Plus,"
                        new york
                    "
94,unlocked iphone 6 16gb,70.0,https://newyork.craigslist.org/mnh/mob/d/new-york-unlocked-iphone-16gb/7909182471.html,iphone,iPhone 6,"
                        new york
                    "
95,iphone 14 pro max,500.0,https://newyork.craigslist.org/que/mob/d/astoria-iphone-14-pro-max/7908942398.html,iphone,iPhone 14 Pro Max,"
                        astoria
                    "
96,iphone 5s,60.0,https://newyork.craigslist.org/mnh/mob/d/new-york-iphone-5s/7910439419.html,iphone,iPhone 5S,"
                        new york
                    "
97,iphone 5s 16gb unlocked,60.0,https://newyork.craigslist.org/mnh/mob/d/new-york-iphone-5s-16gb-unlocked/7909182449.html,iphone,iPhone 5S,"
                        new york
                    "
98,iphone 5c 8gb unlocked,60.0,https://newyork.craigslist.org/mnh/mob/d/new-york-iphone-5c-8gb-unlocked/7909182422.html,iphone,iPhone 5C,"
                        new york
                    "
99,iphone 4s 16gb unlocked,100.0,https://newyork.craigslist.org/mnh/mob/d/new-york-iphone-4s-16gb-unlocked/7912121238.html,iphone,iPhone 4S,"
                        new york
                    "
100,iphone se 3rd 128gb,170.0,https://newyork.craigslist.org/mnh/mob/d/new-york-iphone-se-3rd-128gb/7909181937.html,iphone,missing,"
                        nomad manhattan
                    "
101,iphone se 2nd 128gb black,180.0,https://newyork.craigslist.org/mnh/mob/d/new-york-iphone-se-2nd-128gb-black/7909181907.html,iphone,missing,"
                        nomad manhattan
                    "
102,iphone se 2nd 64gb,150.0,https://newyork.craigslist.org/mnh/mob/d/new-york-iphone-se-2nd-64gb/7909181888.html,iphone,missing,"
                        new york
                    "
103,iphone se 1st unlocked,90.0,https://newyork.craigslist.org/mnh/mob/d/new-york-iphone-se-1st-unlocked/7909181863.html,iphone,missing,"
                        new york
                    "
104,apple watch series 4 40mm,100.0,https://newyork.craigslist.org/mnh/mob/d/new-york-apple-watch-series-40mm/7912580947.html,missing,missing,"
                        new york
                    "
105,iphone 11,70.0,https://smd.craigslist.org/mob/d/dunkirk-iphone-11/7913045475.html,iphone,iPhone 11,"
                        dunkirk
                    "
106,apple watch ultra2 black,550.0,https://newyork.craigslist.org/mnh/mob/d/new-york-apple-watch-ultra2-black/7909173410.html,missing,missing,"
                        manhattan
                    "
107,apple watch ultra 2nd unlocked,490.0,https://newyork.craigslist.org/mnh/mob/d/new-york-apple-watch-ultra-2nd-unlocked/7911243320.html,missing,missing,"
                        new york
                    "
108,apple watch se 1st 44mm cellular,150.0,https://newyork.craigslist.org/mnh/mob/d/new-york-apple-watch-se-1st-44mm/7912580989.html,missing,missing,"
                        new york
                    "
109,ipad mini 7th 256gb cellular a17 pro,620.0,https://newyork.craigslist.org/mnh/mob/d/new-york-ipad-mini-7th-256gb-cellular/7909175436.html,missing,missing,"
                        manhattan
                    "
110,ipad air 4th generation 64gb + stylus pen,320.0,https://newyork.craigslist.org/mnh/mob/d/new-york-ipad-air-4th-generation-64gb/7909175391.html,missing,missing,"
                        manhattan
                    "
111,ipad air 2nd 64gb,70.0,https://newyork.craigslist.org/mnh/mob/d/new-york-ipad-air-2nd-64gb/7909175359.html,missing,missing,"
                        nomad manhattan
                    "
112,ipad 6th generation 128gb with pencil,100.0,https://newyork.craigslist.org/mnh/mob/d/new-york-ipad-6th-generation-128gb-with/7909175336.html,missing,missing,"
                        manhattan
                    "
113,ipad 5th generation 128gb,80.0,https://newyork.craigslist.org/mnh/mob/d/new-york-ipad-5th-generation-128gb/7909175307.html,missing,missing,"
                        nomad manhattan
                    "
114,galaxy z flip 6 256gb unlocked,500.0,https://newyork.craigslist.org/mnh/mob/d/new-york-galaxy-flip-256gb-unlocked/7909157681.html,missing,Galaxy Z Flip 6,"
                        new york
                    "
115,galaxy z flip 6 256gb unlocked,450.0,https://newyork.craigslist.org/mnh/mob/d/new-york-galaxy-flip-256gb-unlocked/7909157651.html,missing,Galaxy Z Flip 6,"
                        new york
                    "
116,new sealed galaxy z flip 5 512gb,520.0,https://newyork.craigslist.org/mnh/mob/d/new-york-new-sealed-galaxy-flip-512gb/7909157617.html,missing,Galaxy Z Flip 5,"
                        manhattan
                    "
117,motorola edge 2023 black,200.0,https://washingtondc.craigslist.org/nva/mob/d/alexandria-motorola-edge-2023-black/7897003204.html,motorola,missing,"
                        bailey's crossroads, va
                    "
118,galaxy z flip 5 256gb,360.0,https://newyork.craigslist.org/mnh/mob/d/new-york-galaxy-flip-256gb/7909157572.html,missing,Galaxy Z Flip 5,"
                        new york
                    "
119,galaxy z flip 3 128gb unlocked,140.0,https://newyork.craigslist.org/mnh/mob/d/new-york-galaxy-flip-128gb-unlocked/7909157540.html,missing,Galaxy Z Flip 3,"
                        new york
                    "
120,galaxy s22 256gb unlocked,270.0,https://newyork.craigslist.org/mnh/mob/d/new-york-galaxy-s22-256gb-unlocked/7908656945.html,missing,Galaxy S22,"
                        new york
                    "
121,galaxy s22 128gb,240.0,https://newyork.craigslist.org/mnh/mob/d/new-york-galaxy-s22-128gb/7909157510.html,missing,Galaxy S22,"
                        new york
                    "
122,galaxy tab s7 plus 256gb + s pen,330.0,https://newyork.craigslist.org/mnh/mob/d/new-york-galaxy-tab-s7-plus-256gb-pen/7909157764.html,missing,missing,"
                        new york
                    "
123,"galaxy tab a8 10.5""",120.0,https://newyork.craigslist.org/mnh/mob/d/new-york-galaxy-tab-a8-105/7909157733.html,missing,missing,"
                        new york
                    "
124,otter box defender series new never used,25.0,https://newyork.craigslist.org/que/mob/d/howard-beach-otter-box-defender-series/7913044061.html,missing,missing,"
                        howard beach
                    "
125,iphone 12 64gb unlocked,155.0,https://newyork.craigslist.org/que/mob/d/bayside-iphone-12-64gb-unlocked/7912168121.html,iphone,iPhone 12,"
                        bayside
                    "
126,iphone 5,30.0,https://fredericksburg.craigslist.org/mob/d/fredericksburg-iphone/7900030694.html,iphone,iPhone 5,"
                        fredericksburg
                    "
127,apple iphone,60.0,https://oneonta.craigslist.org/mob/d/franklin-apple-iphone/7913040302.html,iphone,missing,"
                        franklin
                    "
128,virginia registration,300.0,https://newyork.craigslist.org/que/mob/d/bronx-virginia-registration/7910785341.html,missing,missing,"
                        queens
                    "
129,rhinestone crystal phone case for iphone 13,20.0,https://washingtondc.craigslist.org/doc/mob/d/washington-rhinestone-crystal-phone/7892827651.html,iphone,iPhone 13,"
                        dc
                    "
130,i’m selling samsung galaxy a16 5g,200.0,https://newyork.craigslist.org/mnh/mob/d/new-york-im-selling-samsung-galaxy-a16/7872539782.html,samsung,missing,"
                        upper east side
                    "
131,cell phone soap phone from qvc(new),15.0,https://philadelphia.craigslist.org/mob/d/clifton-heights-cell-phone-soap-phone/7910695888.html,missing,missing,"
                        clifton heights,pa.
                    "
132,cell phone soap phone from qvc(new),15.0,https://philadelphia.craigslist.org/mob/d/clifton-heights-cell-phone-soap-phone/7913026799.html,missing,missing,"
                        clifton heights,pa.
                    "
133,iphone unlocked 12 working - best for trade in,150.0,https://washingtondc.craigslist.org/nva/mob/d/herndon-iphone-unlocked-12-working-best/7906634591.html,iphone,missing,"
                        northern virginia
                    "
134,like new unlocked iphone 6s plus 64gb in space gray.....,105.0,https://washingtondc.craigslist.org/nva/mob/d/reston-like-new-unlocked-iphone-6s-plus/7902131290.html,iphone,iPhone 6S Plus,"
                        reston/tyson's corner
                    "
135,s22 ultra and accessories....unlocked..used good condition,200.0,https://reading.craigslist.org/mob/d/shoemakersville-s22-ultra-and/7913023723.html,missing,missing,"
                        hamburg, pa
                    "
136,"free e-waste drop-off 💕
",,https://scranton.craigslist.org/mob/d/duryea-free-waste-drop-off/7886202083.html,missing,missing,"
                        hughestown
                    "
137,anker smart 6000mah portable power bank/charger,13.0,https://newyork.craigslist.org/brk/mob/d/brooklyn-anker-smart-6000mah-portable/7875727393.html,missing,missing,"
                        prospect park south
                    "
138,otterbox case 15 pro max,25.0,https://newyork.craigslist.org/brk/mob/d/brooklyn-otterbox-case-15-pro-max/7902937421.html,missing,missing,"
                        park slope
                    "
139,apple ultra 2,400.0,https://newyork.craigslist.org/brk/mob/d/brooklyn-apple-ultra/7901188342.html,missing,missing,"
                        park slope
                    "
140,"almost new unlocked samsung galaxy a15 5g 6.5"" cell phone",115.0,https://cnj.craigslist.org/mob/d/skillman-almost-new-unlocked-samsung/7890877522.html,samsung,missing,"
                        skillman
                    "
141,new motorola moto g stylus - 2025 | 8gb ram/128gb | 50mp camera,249.0,https://cnj.craigslist.org/mob/d/skillman-new-motorola-moto-stylus-gb/7890954063.html,motorola,Moto G,"
                        skillman
                    "
142,"new unlocked apple iphone 13, 128gb, midnight cell",300.0,https://cnj.craigslist.org/mob/d/skillman-new-unlocked-apple-iphone-gb/7890878990.html,iphone,iPhone 13,"
                        skillman
                    "
143,almost new unlocked motorola g power 5g 2024 cell phone,99.0,https://cnj.craigslist.org/mob/d/skillman-almost-new-unlocked-motorola/7890878081.html,motorola,missing,"
                        skillman
                    "
144,iphone 6 plus 128gb,100.0,https://philadelphia.craigslist.org/mob/d/aston-iphone-plus-128gb/7911878130.html,iphone,iPhone 6 Plus,"
                        aston
                    "
145,iphone 5 w/case 64gb,60.0,https://philadelphia.craigslist.org/mob/d/brookhaven-iphone-w-case-64gb/7905954084.html,iphone,iPhone 5,"
                        brookhaven
                    "
146,black samsung galaxy s23 ultra 256gb tmobile,400.0,https://binghamton.craigslist.org/mob/d/binghamton-black-samsung-galaxy-s23/7910495325.html,samsung,Galaxy S23 Ultra,"
                        binghamton
                    "
147,otterbox - commuter series hard shell for apple iphone15&16pro,25.0,https://hudsonvalley.craigslist.org/mob/d/staatsburg-otterbox-commuter-series/7884602123.html,missing,missing,"
                        hyde park
                    "
148,apple iphone earphones headphones,20.0,https://newyork.craigslist.org/wch/mob/d/new-york-apple-iphone-earphones/7883079213.html,iphone,missing,"
                        new york
                    "
149,iphone 12,300.0,https://newyork.craigslist.org/brk/mob/d/brooklyn-iphone-12/7882430136.html,iphone,iPhone 12,"
                        brooklyn
                    "
150,body glove  black phone case,,https://southjersey.craigslist.org/mob/d/sewell-body-glove-black-phone-case/7896966350.html,missing,missing,"
                        sewell, nj
                    "
151,iphone 14 unlocked,220.0,https://newyork.craigslist.org/wch/mob/d/somers-iphone-14-unlocked/7900736081.html,iphone,iPhone 14,"
                        westchester
                    "
152,unlocked iphone 13,200.0,https://newyork.craigslist.org/wch/mob/d/somers-unlocked-iphone-13/7902449254.html,iphone,iPhone 13,"
                        westchester
                    "
153,air pods,100.0,https://newyork.craigslist.org/brk/mob/d/brooklyn-air-pods/7899424971.html,missing,missing,"
                        brooklyn
                    "
154,air pods,100.0,https://newyork.craigslist.org/brk/mob/d/brooklyn-air-pods/7900826335.html,missing,missing,"
                        11236
                    "
155,free iphone 12 cases,,https://newjersey.craigslist.org/mob/d/teaneck-free-iphone-12-cases/7911540242.html,iphone,iPhone 12,"
                        teaneck
                    "
156,lg phone and watch sale,300.0,https://newyork.craigslist.org/mnh/mob/d/new-york-lg-phone-and-watch-sale/7878387778.html,lg,missing,"
                        inwood / wash hts
                    "
157,"apple iphone 12, 5g, ios 26.2, excellent condition, battery capacity at 100%",200.0,https://newjersey.craigslist.org/mob/d/north-arlington-apple-iphone-12-5g-ios/7909594398.html,iphone,iPhone 12,"
                        north arlington
                    "
158,apple iphone cases (16 and air),35.0,https://philadelphia.craigslist.org/mob/d/philadelphia-apple-iphone-cases-16-and/7913002388.html,iphone,missing,"
                        graduate hospital
                    "
159,virginia plates,300.0,https://newyork.craigslist.org/brx/mob/d/new-york-virginia-plates/7904768019.html,missing,missing,"
                        new york
                    "
160,old ge landline.,20.0,https://york.craigslist.org/mob/d/east-prospect-old-ge-landline/7910099047.html,missing,missing,"
                        craley / yorkana area.
                    "
161,samsung galaxy s24 ultra,1100.0,https://newjersey.craigslist.org/mob/d/passaic-samsung-galaxy-s24-ultra/7878014889.html,samsung,Galaxy S24 Ultra,"
                        passaic
                    "
162,iphone xr phone cases,20.0,https://allentown.craigslist.org/mob/d/bethlehem-iphone-xr-phone-cases/7912996306.html,iphone,iPhone XR,"
                        bethlehem
                    "
163,iphone 17 promax 256gb silver unlocked directly from apple,1100.0,https://newjersey.craigslist.org/mob/d/dover-iphone-17-promax-256gb-silver/7900878658.html,iphone,iPhone 17 Pro,
164,$100 refill for verizon prepaid account,90.0,https://cnj.craigslist.org/mob/d/belle-mead-100-refill-for-verizon/7905584387.html,missing,missing,"
                        belle mead
                    "
165,big lot of vintage mobile devices and accessories from motorola,100.0,https://cnj.craigslist.org/mob/d/belle-mead-big-lot-of-vintage-mobile/7890916840.html,motorola,missing,"
                        belle mead
                    "
166,"iphone 16 pro max case 2pcs, compatible with magsafe",,https://cnj.craigslist.org/mob/d/belle-mead-iphone-16-pro-max-case-2pcs/7890917185.html,iphone,iPhone 16 Pro Max,"
                        belle mead
                    "
167,"samsung galaxy note tablet 10.1"" sch-i925 16gb verizon or wi-fi",25.0,https://cnj.craigslist.org/mob/d/belle-mead-samsung-galaxy-note-tablet/7890918325.html,samsung,missing,"
                        belle mead
                    "
168,apple iphone 15 pro max white titanium 1tb factory unlocked,950.0,https://newyork.craigslist.org/wch/mob/d/yonkers-apple-iphone-15-pro-max-white/7906237863.html,iphone,iPhone 15 Pro Max,"
                        yonkers
                    "
169,iphone 11 mint condition,160.0,https://newyork.craigslist.org/wch/mob/d/yonkers-iphone-11-mint-condition/7903415776.html,iphone,iPhone 11,"
                        yonkers
                    "
170,"macbook air a2179 13"" 256gb rose gold",245.0,https://newyork.craigslist.org/que/mob/d/elmhurst-macbook-air-gb-rose-gold/7891944212.html,missing,missing,"
                        elmhurst
                    "
171,original apple empty box for iphone air,18.0,https://newyork.craigslist.org/que/mob/d/oakland-gardens-original-apple-empty/7898002645.html,iphone,missing,"
                        bayside
                    "
172,manhattan new york 212 number for sale,,https://newyork.craigslist.org/mnh/mob/d/new-york-manhattan-new-york-212-number/7912131760.html,missing,missing,"
                        union square
                    "
173,moto g power 2025 for metro by tmobile,40.0,https://newjersey.craigslist.org/mob/d/jersey-city-moto-power-2025-for-metro/7912180839.html,missing,Moto G Power,"
                        jersey city
                    "
174,google pixel 9pro xl 256gb,600.0,https://newyork.craigslist.org/mnh/mob/d/new-york-google-pixel-9pro-xl-256gb/7912985464.html,google,Pixel 9,"
                        midtown
                    "
175,iphone 17 pro max 1tb,1350.0,https://newyork.craigslist.org/mnh/mob/d/new-york-iphone-17-pro-max-1tb/7912074589.html,iphone,iPhone 17 Pro Max,"
                        new york
                    "
176,unlocked samsung galaxy s9,110.0,https://newyork.craigslist.org/que/mob/d/woodside-unlocked-samsung-galaxy-s9/7911718175.html,samsung,Galaxy S9,"
                        queens
                    "
177,brand new sealed original clear apple iphone 11 case,,https://newyork.craigslist.org/que/mob/d/woodside-brand-new-sealed-original/7891568956.html,iphone,iPhone 11,"
                        woodside
                    "
178,iphone 16e no sim restrictions 128gs new open box,400.0,https://newyork.craigslist.org/brk/mob/d/brooklyn-iphone-16e-no-sim-restrictions/7911313900.html,iphone,iPhone 16,"
                        bayridge brooklyn
                    "
179,new old stock white spigen iphone 6 case capella fits se 3rd,,https://southjersey.craigslist.org/mob/d/moorestown-new-old-stock-white-spigen/7910735692.html,iphone,iPhone 6,"
                        cinnaminson
                    "
180,indoor antenna,15.0,https://newyork.craigslist.org/brx/mob/d/bronx-indoor-antenna/7909851166.html,missing,missing,"
                        riverdale the bronx
                    "
181,table lamp with shade,,https://newyork.craigslist.org/brx/mob/d/bronx-table-lamp-with-shade/7909441471.html,missing,missing,"
                        riverdale the bronx
                    "
182,computer monitor,20.0,https://newyork.craigslist.org/brx/mob/d/bronx-computer-monitor/7909859667.html,missing,missing,"
                        riverdale the bronx
                    "
183,samsung galaxy a32 5g 64gb sm-a326u black for t-mobile,110.0,https://newjersey.craigslist.org/mob/d/hawthorne-samsung-galaxy-a32-5g-64gb-sm/7894860264.html,samsung,missing,"
                        hawthorne
                    "
184,samsung galaxy s22 5g sm-s901u 128gb phantom black t-mobile (excellent,225.0,https://newjersey.craigslist.org/mob/d/hawthorne-samsung-galaxy-s22-5g-sm/7894856715.html,samsung,Galaxy S22,"
                        hawthorne
                    "
185,samsung galaxy s25 ultra 256 factory unlocked silver titanium blue,800.0,https://newjersey.craigslist.org/mob/d/bergenfield-samsung-galaxy-s25-ultra/7912976332.html,samsung,Galaxy S25 Ultra,
186,driver for hire - administrative assistant,40.0,https://washingtondc.craigslist.org/nva/mob/d/vienna-driver-for-hire-administrative/7884975040.html,missing,missing,"
                        vienna
                    "
187,wireless lavalier microphone with feather windscreen & digital displa,15.0,https://washingtondc.craigslist.org/nva/mob/d/vienna-wireless-lavalier-microphone/7912429455.html,missing,missing,"
                        vienna
                    "
188,blue tooth receiver,60.0,https://newyork.craigslist.org/brx/mob/d/bronx-blue-tooth-receiver/7912523561.html,missing,missing,"
                        riverdale the bronx
                    "
189,samsung galaxy s25+ 512gb factory unlock unlocked.,800.0,https://newjersey.craigslist.org/mob/d/teaneck-samsung-galaxy-s25-512gb/7912975868.html,samsung,Galaxy S25,
190,apple iphone 14 pro max housing gray oem used,80.0,https://longisland.craigslist.org/mob/d/levittown-apple-iphone-14-pro-max/7911222699.html,iphone,iPhone 14 Pro Max,"
                        levittown
                    "
191,apple iphone screens fix all models service,40.0,https://newyork.craigslist.org/lgi/mob/d/elmhurst-apple-iphone-screens-fix-all/7908714722.html,iphone,missing,"
                        elmhurst
                    "
192,galaxy s23 ultra 256gigs fully unlocked,570.0,https://newyork.craigslist.org/brk/mob/d/brooklyn-galaxy-s23-ultra-256gigs-fully/7912975662.html,missing,Galaxy S23 Ultra,"
                        brooklyn
                    "
193,watches for sale,,https://newyork.craigslist.org/brx/mob/d/bronx-watches-for-sale/7912524451.html,missing,missing,"
                        riverdale the bronx
                    "
194,"dell 24"" computer monitor",20.0,https://newyork.craigslist.org/brx/mob/d/bronx-dell-24-computer-monitor/7907933212.html,missing,missing,"
                        riverdale the bronx
                    "
195,boost moto g stylus 5g,125.0,https://newyork.craigslist.org/brk/mob/d/brooklyn-boost-moto-stylus-5g/7873132855.html,missing,Moto G,"
                        park slope
                    "
196,"unlocked samsung galaxy a15 5g 6.5"" octa-core 64gb 50mp android 15 new",100.0,https://washingtondc.craigslist.org/nva/mob/d/fairfax-unlocked-samsung-galaxy-a15-5g/7912144795.html,samsung,missing,"
                        fairfax, va
                    "
197,new in package retro transistor radio iphone 5 cases nib (8),20.0,https://fredericksburg.craigslist.org/mob/d/fredericksburg-new-in-package-retro/7885457829.html,iphone,iPhone 5,
198,black color dc auto car charger adapter for motorola razr2 v8 v9 v9x v,,https://fredericksburg.craigslist.org/mob/d/fredericksburg-black-color-dc-auto-car/7903810588.html,motorola,Motorola Razr,
199,spider men’s small,20.0,https://southjersey.craigslist.org/mob/d/bellmawr-spider-mens-small/7911937553.html,missing,missing,"
                        bellmawr
                    "
200,assorted screw drivers,15.0,https://southjersey.craigslist.org/mob/d/bellmawr-assorted-screw-drivers/7911938338.html,missing,missing,"
                        bellmawr
                    "
201,vintage cell phone,,https://longisland.craigslist.org/mob/d/farmingville-vintage-cell-phone/7912515291.html,missing,missing,"
                        farmingville, ny
                    "
202,tempered glass screen protector for t-mobile revvl v + 5g revvl v+ 5g,,https://philadelphia.craigslist.org/mob/d/bensalem-tempered-glass-screen/7893602646.html,missing,missing,"
                        bensalem
                    "
203,cover for samsug galaxy core prime,,https://philadelphia.craigslist.org/mob/d/bensalem-cover-for-samsug-galaxy-core/7893600709.html,missing,missing,"
                        bensalem
                    "
204,computer monitor **,20.0,https://newyork.craigslist.org/brx/mob/d/bronx-computer-monitor/7910509165.html,missing,missing,"
                        riverdale the bronx
                    "
205,"10.5"" inch  cd' / dvd player",20.0,https://newyork.craigslist.org/brx/mob/d/bronx-105-inch-cd-dvd-player/7910509282.html,missing,missing,"
                        riverdale the bronx
                    "
206,cd'/ dvd player.10.5 inch,20.0,https://newyork.craigslist.org/brx/mob/d/bronx-cd-dvd-player105-inch/7912519606.html,missing,missing,"
                        riverdale the bronx
                    "
207,samsung certified re-newed galaxy s24 fe 128gb unlocked sealed + case,280.0,https://washingtondc.craigslist.org/nva/mob/d/fairfax-samsung-certified-re-newed/7909953608.html,samsung,Galaxy S24,"
                        fairfax, va
                    "
208,computer  navigator speakers,,https://newyork.craigslist.org/brx/mob/d/bronx-computer-navigator-speakers/7912519368.html,missing,missing,"
                        riverdale the bronx
                    "
209,otterbox defender iphone 12,,https://delaware.craigslist.org/mob/d/earleville-otterbox-defender-iphone-12/7884306968.html,iphone,iPhone 12,"
                        earleville
                    "
210,samsung galaxy s 5 accessories,50.0,https://binghamton.craigslist.org/mob/d/binghamton-samsung-galaxy-5-accessories/7876655949.html,samsung,Galaxy S,"
                        johnson city
                    "
211,drop guys i phone 16 pro / pro max camera lens protector.,,https://baltimore.craigslist.org/mob/d/parkville-drop-guys-phone-16-pro-pro/7881218134.html,missing,missing,"
                        baltimore county
                    "
212,i phone cases i7 & xr,,https://baltimore.craigslist.org/mob/d/parkville-phone-cases-i7-xr/7874849307.html,missing,missing,
213,phonesoap 3/ greatgift,49.0,https://newyork.craigslist.org/lgi/mob/d/wantagh-phonesoap-greatgift/7873033679.html,missing,missing,"
                        wantagh
                    "
214,brand new factory sealed samsung galaxy s25 ultra unlocked,500.0,https://scranton.craigslist.org/mob/d/hazleton-brand-new-factory-sealed/7905066938.html,samsung,Galaxy S25 Ultra,"
                        hazelton, pa
                    "
215,brand new factory sealed samsung galaxy s25 ultra unlocked,500.0,https://lancaster.craigslist.org/mob/d/reading-brand-new-factory-sealed/7897577095.html,samsung,Galaxy S25 Ultra,"
                        reading, pa
                    "
216,wireless headset,15.0,https://pittsburgh.craigslist.org/mob/d/greensburg-wireless-headset/7887416645.html,missing,missing,"
                        greensburg
                    "
217,otter box i phone 13,40.0,https://cnj.craigslist.org/mob/d/spotswood-otter-box-phone-13/7906103278.html,missing,missing,"
                        spotswood
                    "
218,samsung galaxy s23 256gb unlocked (in box),320.0,https://washingtondc.craigslist.org/nva/mob/d/fairfax-samsung-galaxy-s23-256gb/7904232322.html,samsung,Galaxy S23,"
                        fairfax
                    "
219,jlabs studio on ear headphones,,https://cnj.craigslist.org/mob/d/south-river-jlabs-studio-on-ear/7901668274.html,missing,missing,"
                        east brunswick
                    "
220,white iphone 12 - unlocked - fantastic condition,150.0,https://frederick.craigslist.org/mob/d/frederick-white-iphone-12-unlocked/7911884726.html,iphone,iPhone 12,"
                        frederick
                    "
221,11unlock 128gb samsung galaxy a16,140.0,https://newyork.craigslist.org/brk/mob/d/brooklyn-11unlock-128gb-samsung-galaxy/7912953033.html,samsung,missing,"
                        brooklynbrooklynbrooklyn
                    "
222,apple iphone 13 pro max w/ box / 256 gb - silver/white,425.0,https://newjersey.craigslist.org/mob/d/hackensack-apple-iphone-13-pro-max-box/7908270268.html,iphone,iPhone 13 Pro Max,
223,apple/samsung/motorola - phones & smart devices-pocket pcs-ipods,300.0,https://newjersey.craigslist.org/mob/d/hackensack-apple-samsung-motorola/7896374253.html,missing,missing,
224,new motorola moto g 5g 2024 unlocked gsm world smartphone mobile phone,130.0,https://newyork.craigslist.org/brk/mob/d/brooklyn-new-motorola-moto-5g-2024/7911468520.html,motorola,Moto G,"
                        brooklyn
                    "
225,new black original otterbox defender case for amazon kindle fire hdx 7,,https://newyork.craigslist.org/brk/mob/d/brooklyn-new-black-original-otterbox/7887282221.html,missing,missing,"
                        brooklyn
                    "
226,kate spade iphone 12 / 12 pro protection case,,https://newyork.craigslist.org/brk/mob/d/brooklyn-kate-spade-iphone-pro/7904650791.html,iphone,iPhone 12,"
                        brooklyn
                    "
227,apple iphone charger and lightning cable,,https://newyork.craigslist.org/brk/mob/d/brooklyn-apple-iphone-charger-and/7906189052.html,iphone,missing,"
                        brooklyn
                    "
228,samsung s25 ultra,850.0,https://newjersey.craigslist.org/mob/d/ridgewood-samsung-s25-ultra/7912948763.html,samsung,missing,"
                        ridgewood
                    "
229,apple iphone 15 pro -256 gb - natural titanium unlocked great conditio,550.0,https://newyork.craigslist.org/lgi/mob/d/new-hyde-park-apple-iphone-15-pro-256/7911031741.html,iphone,iPhone 15 Pro,"
                        garden city park
                    "
230,apple iphone 15 pro - 256 gb - blue titanium (unlocked) great conditio,550.0,https://newyork.craigslist.org/lgi/mob/d/new-hyde-park-apple-iphone-15-pro-gb/7911031135.html,iphone,iPhone 15 Pro,"
                        garden city park
                    "
231,gosmart mint boost t mobile apple iphone 6 plus 128gb smartphone phone,150.0,https://newyork.craigslist.org/brk/mob/d/brooklyn-gosmart-mint-boost-mobile/7912497142.html,iphone,iPhone 6 Plus,"
                        brooklyn
                    "
232,iphone 14 128gb unlocked (midnight blue),350.0,https://newyork.craigslist.org/brx/mob/d/new-york-iphone-gb-unlocked-midnight/7881130698.html,iphone,iPhone 14,"
                        bronx
                    "
233,apple earpods w/3.5mm plug - (2 sets),15.0,https://scranton.craigslist.org/mob/d/clarks-summit-apple-earpods-35mm-plug/7889870208.html,missing,missing,"
                        clarks summit
                    "
234,white iphone 16 pro 128gb,600.0,https://hudsonvalley.craigslist.org/mob/d/mahopac-white-iphone-16-pro-128gb/7905113940.html,iphone,iPhone 16 Pro,"
                        mahopac
                    "
235,*new* iphone 13 128gb unlocked,350.0,https://newyork.craigslist.org/brk/mob/d/brooklyn-new-iphone-gb-unlocked/7912496586.html,iphone,iPhone 13,"
                        brooklyn
                    "
236,iphone 17 pro max! 256 gb,,https://newjersey.craigslist.org/mob/d/union-iphone-17-pro-max-256-gb/7908851752.html,iphone,iPhone 17 Pro Max,
237,verizon motorola edge 5g uw 2022 gsm-cdma unlocked spectrum mobile/t-mobile/at&t,200.0,https://hudsonvalley.craigslist.org/mob/d/port-jervis-verizon-motorola-edge-5g-uw/7909386371.html,motorola,missing,"
                        port jervis
                    "
238,lg xpression plus 3 32gb gsm unlocked at&t/cricket/consumer cellular/boost at&t,100.0,https://hudsonvalley.craigslist.org/mob/d/port-jervis-lg-xpression-plus-32gb-gsm/7890525078.html,lg,missing,"
                        port jervis
                    "
239,orbic myra 5g uw 64gb gsm-cdma unlocked verizon/t-mobile/straighttalk/tracfone/m,200.0,https://hudsonvalley.craigslist.org/mob/d/port-jervis-orbic-myra-5g-uw-64gb-gsm/7890372386.html,missing,missing,"
                        port jervis
                    "
240,tcl stylus 5g 128gb gsm unlocked t-mobile/metro pcs/simple mobile/boost/consumer,150.0,https://hudsonvalley.craigslist.org/mob/d/port-jervis-tcl-stylus-5g-128gb-gsm/7891024010.html,missing,missing,"
                        port jervis
                    "
241,at&t nuu a25 lte gsm unlocked t-mobile/metro pcs/cricket wireless/boost/consumer,200.0,https://hudsonvalley.craigslist.org/mob/d/port-jervis-att-nuu-a25-lte-gsm/7910425278.html,missing,missing,"
                        port jervis
                    "
242,at&t iphone xs max & 7 plus,100.0,https://newyork.craigslist.org/mnh/mob/d/new-york-att-iphone-xs-max-plus/7912102216.html,iphone,iPhone XS Max,"
                        new york
                    "
243,cricket iphone se2 6s,60.0,https://newyork.craigslist.org/mnh/mob/d/new-york-cricket-iphone-se2-6s/7909733565.html,iphone,missing,"
                        new york
                    "
244,boost mobile iphone 11,170.0,https://newyork.craigslist.org/mnh/mob/d/new-york-boost-mobile-iphone-11/7909734247.html,iphone,iPhone 11,"
                        new york
                    "
245,iphone 12 11 xr se2 metro pcs,120.0,https://newyork.craigslist.org/mnh/mob/d/new-york-iphone-xr-se2-metro-pcs/7912101513.html,iphone,iPhone 12,"
                        new york
                    "
246,iphone 6 phone 64 gb unlocked,80.0,https://newyork.craigslist.org/brk/mob/d/brooklyn-iphone-phone-64-gb-unlocked/7909737003.html,iphone,iPhone 6,"
                        brooklyn
                    "
247,demo olympia melody rolling backpack carryon bag luggage rp6001 black,40.0,https://newyork.craigslist.org/brk/mob/d/brooklyn-demo-olympia-melody-rolling/7909742319.html,missing,missing,"
                        brooklyn
                    "
248,want2buy - buyer iphone 17161514 new used any carrier,1111.0,https://newyork.craigslist.org/que/mob/d/long-island-city-want2buy-buyer-iphone/7912939215.html,iphone,iPhone 17,"
                        manhattan queens
                    "
249,s25 ultra phone case,20.0,https://newyork.craigslist.org/que/mob/d/richmond-hill-s25-ultra-phone-case/7883518915.html,missing,missing,"
                        richmond hill
                    "
250,i am looking for a tamed ringneck parrot on reasonable fee of $200,200.0,https://newyork.craigslist.org/que/mob/d/long-island-city-am-looking-for-tamed/7912109286.html,missing,missing,"
                        manhattan queens
                    "
251,iphone buyer new used all carrier - 13 14 15 16 17,1111.0,https://newyork.craigslist.org/que/mob/d/long-island-city-iphone-buyer-new-used/7912108536.html,iphone,missing,"
                        manhattan queens
                    "
252,very nice samsung galaxy s22 plus s22+ 5g 128gb unlocked cell phone,260.0,https://newyork.craigslist.org/que/mob/d/middle-village-very-nice-samsung-galaxy/7907047379.html,samsung,Galaxy S22 Plus,"
                        middle village
                    "
253,excellent condition samsung galaxy a15 5g 128gb unlocked cell phone,130.0,https://newyork.craigslist.org/que/mob/d/middle-village-excellent-condition/7907045101.html,samsung,missing,"
                        middle village
                    "
254,lifeproof fre samsung galaxy s9  waterproof case,,https://hudsonvalley.craigslist.org/mob/d/monroe-lifeproof-fre-samsung-galaxy-s9/7908517971.html,samsung,Galaxy S9,"
                        monroe, ny
                    "
255,honor magic v2 - ver-n49 5g dual sim 16gb / 512gb (global version),650.0,https://newyork.craigslist.org/wch/mob/d/pelham-honor-magic-v2-ver-n49-5g-dual/7912933836.html,missing,missing,"
                        westchester
                    "
256,iphone 16 pro max 256 gb perfect condition.,900.0,https://newyork.craigslist.org/mnh/mob/d/new-york-iphone-16-pro-max-256-gb/7902905645.html,iphone,iPhone 16 Pro Max,"
                        new york
                    "
257,iphone 14 pro,450.0,https://washingtondc.craigslist.org/nva/mob/d/leesburg-iphone-14-pro/7903646656.html,iphone,iPhone 14 Pro,"
                        northern virginia
                    "
258,"samsung galaxy a21, s20 fe screen protector",,https://newjersey.craigslist.org/mob/d/wayne-samsung-galaxy-a21-s20-fe-screen/7902596366.html,samsung,missing,"
                        wayne
                    "
259,samsung galaxy s20 fe 5g screen cover,15.0,https://newjersey.craigslist.org/mob/d/wayne-samsung-galaxy-s20-fe-5g-screen/7873259062.html,samsung,Galaxy S20,"
                        wayne
                    "
260,nomad wireless charging dock base station for apple watch and iphone,44.0,https://newyork.craigslist.org/brk/mob/d/brooklyn-nomad-wireless-charging-dock/7910479670.html,iphone,missing,"
                        greenpoint-williamsburg
                    "
261,iphone 6 case,,https://washingtondc.craigslist.org/nva/mob/d/warrenton-iphone-case/7891696461.html,iphone,iPhone 6,"
                        warrenton
                    "
262,airpods 4th,95.0,https://newyork.craigslist.org/brk/mob/d/brooklyn-airpods-4th/7912930396.html,missing,missing,"
                        brooklyn
                    "
263,iphone 16 pro titanium black 256gb factory unlocked,770.0,https://newyork.craigslist.org/brk/mob/d/brooklyn-iphone-16-pro-titanium-black/7912925265.html,iphone,iPhone 16 Pro,"
                        brooklyn
                    "
264,for sale: walmart family mobile $19.88 prepaid refill card – brand new,15.0,https://southjersey.craigslist.org/mob/d/cherry-hill-for-sale-walmart-family/7898630201.html,missing,missing,"
                        cherry hill
                    "
265,apple iphone 16e 128gb 5g boost mobile,395.0,https://newyork.craigslist.org/brk/mob/d/brooklyn-apple-iphone-16e-128gb-5g/7903375601.html,iphone,iPhone 16,"
                        brooklyn
                    "
266,apple iphone 16 pro – 1tb – unlocked – excellent condition (read desc),855.0,https://newyork.craigslist.org/mnh/mob/d/new-york-apple-iphone-16-pro-1tb/7912925372.html,iphone,iPhone 16 Pro,"
                        chelsea
                    "
267,car dashboard/window mount phone holder for verizon motorola droid x d,,https://hudsonvalley.craigslist.org/mob/d/goshen-car-dashboard-window-mount-phone/7908562447.html,motorola,missing,"
                        goshen, ny
                    "
268,cell phone/tablet display protectors 3-pack - new,,https://hudsonvalley.craigslist.org/mob/d/goshen-cell-phone-tablet-display/7908561937.html,missing,missing,"
                        goshen, ny
                    "
269,cell phone accessories - lightning cable; phone case from,,https://newyork.craigslist.org/mnh/mob/d/new-york-cell-phone-accessories/7876108156.html,missing,missing,"
                        upper east side
                    "
270,sumsung s21 galaxy ultra balck,350.0,https://newyork.craigslist.org/mnh/mob/d/new-york-sumsung-s21-galaxy-ultra-balck/7880109529.html,missing,missing,"
                        battery park
                    "
271,brand new unopened iphone 17 promax 256 gb,1050.0,https://washingtondc.craigslist.org/nva/mob/d/vienna-brand-new-unopened-iphone-17/7912921657.html,iphone,iPhone 17 Pro,"
                        vienna
                    "
272,liquipel powertek usb-c 20w and usb-a 18w dual port wall charger - new,12.0,https://newyork.craigslist.org/mnh/mob/d/brooklyn-liquipel-powertek-usb-20w-and/7890529099.html,missing,missing,"
                        brooklyn
                    "
273,"sharp 140w usb c charger, compact foldable gan fast charge 3-port, new",59.0,https://newyork.craigslist.org/brk/mob/d/brooklyn-sharp-140w-usb-charger-compact/7889683725.html,missing,missing,"
                        brooklyn
                    "
274,"samsung galaxy s22 | sm-s901u | 6.1"" | 128gb | at&t | black",149.0,https://newyork.craigslist.org/que/mob/d/saint-albans-samsung-galaxy-s22-sm/7912917155.html,samsung,Galaxy S22,"
                        queens
                    "
275,iphone 5s,,https://newyork.craigslist.org/brk/mob/d/brooklyn-iphone-5s/7911481333.html,iphone,iPhone 5S,"
                        bushwick
                    "
276,lifeproof iphone xr fre cases,,https://washingtondc.craigslist.org/nva/mob/d/manassas-lifeproof-iphone-xr-fre-cases/7902564927.html,iphone,iPhone XR,"
                        manassas
                    "
277,** new ** samsung galaxy a32 5g t-mobile,200.0,https://newyork.craigslist.org/que/mob/d/fresh-meadows-new-samsung-galaxy-a32-5g/7873872588.html,samsung,missing,"
                        queens
                    "
278,** new ** motorola - moto edge 2022 5g - 256gb 5g t-mobile,190.0,https://newyork.craigslist.org/que/mob/d/fresh-meadows-new-motorola-moto-edge/7873872310.html,motorola,missing,"
                        flushing
                    "
279,new at&t sim card (3 in 1),,https://newyork.craigslist.org/que/mob/d/fresh-meadows-new-att-sim-card-in/7881882907.html,missing,missing,"
                        flushing
                    "
280,iphone11 pro 256 gb gray,330.0,https://hartford.craigslist.org/mob/d/farmington-iphone11-pro-256-gb-gray/7905339405.html,missing,missing,"
                        farmington
                    "
281,"moto g 2024 smartphone, with sim card/service included",60.0,https://newyork.craigslist.org/brk/mob/d/brooklyn-moto-2024-smartphone-with-sim/7900932528.html,missing,Moto G,"
                        brooklyn
                    "
282,original authentic apple usbc lightning cable for iphone/ipad,,https://newyork.craigslist.org/brk/mob/d/brooklyn-original-authentic-apple-usbc/7885890235.html,missing,missing,"
                        brooklyn
                    "
283,usb lightning charging cable for iphone,,https://newyork.craigslist.org/brk/mob/d/brooklyn-usb-lightning-charging-cable/7900288290.html,iphone,missing,"
                        brooklyn
                    "
284,phone case for iphone xs max,,https://newyork.craigslist.org/brk/mob/d/brooklyn-phone-case-for-iphone-xs-max/7893306454.html,iphone,iPhone XS Max,"
                        brooklyn
                    "
285,unlocked iphone 12 - 100% battery health,275.0,https://newyork.craigslist.org/brk/mob/d/brooklyn-unlocked-iphone-battery-health/7907041897.html,iphone,iPhone 12,"
                        brooklyn
                    "
286,iphone 13  256gb  ( unlocked to any carrier) will meet,350.0,https://newyork.craigslist.org/stn/mob/d/staten-island-iphone-gb-unlocked-to-any/7912909987.html,iphone,iPhone 13,"
                        staten island
                    "
287,lightning to usb-c 10ft cable for iphone ipad power delivery pd black,,https://newyork.craigslist.org/mnh/mob/d/new-york-lightning-to-usb-10ft-cable/7908155323.html,iphone,missing,"
                        upper west side
                    "
288,samsung galaxy a50 a505u 64gb unlocked android smartphone,125.0,https://newyork.craigslist.org/que/mob/d/saint-albans-samsung-galaxy-a50-a505u/7912915951.html,samsung,missing,"
                        queens
                    "
289,iphone 12 pro max 256gb (sell or trade),400.0,https://binghamton.craigslist.org/mob/d/bainbridge-iphone-12-pro-max-256gb-sell/7897936206.html,iphone,iPhone 12 Pro Max,"
                        bainbridge
                    "
290,clear case: iphone 13 pro magsafe,20.0,https://newyork.craigslist.org/mnh/mob/d/new-york-clear-case-iphone-13-pro/7872157895.html,iphone,iPhone 13 Pro,"
                        east village
                    "
291,new apple iphone 14 magsafe case,40.0,https://newyork.craigslist.org/mnh/mob/d/new-york-new-apple-iphone-14-magsafe/7872157799.html,iphone,iPhone 14,"
                        east village
                    "
292,"motorola razr 2024 flip phone unlocked with accessories, opened box",335.0,https://newyork.craigslist.org/brk/mob/d/brooklyn-motorola-razr-2024-flip-phone/7904175208.html,motorola,Motorola Razr,"
                        sale
                    "
293,iphone 14 pro max unlocked,580.0,https://newjersey.craigslist.org/mob/d/belleville-iphone-14-pro-max-unlocked/7912907907.html,iphone,iPhone 14 Pro Max,
294,iphone 13 pro - t-mobile locked refurbished by gazelle with warranty,350.0,https://newyork.craigslist.org/brx/mob/d/bronx-iphone-13-pro-mobile-locked/7904334568.html,iphone,iPhone 13 Pro,"
                        bronx
                    "
295,factory unlocked iphone 15 pro 256gb,520.0,https://newyork.craigslist.org/mnh/mob/d/new-york-factory-unlocked-iphone-15-pro/7906075269.html,iphone,iPhone 15 Pro,"
                        midtown east
                    "
296,factory unlocked iphone 14 pro max 256gb in purple,500.0,https://newyork.craigslist.org/mnh/mob/d/new-york-factory-unlocked-iphone-14-pro/7900987687.html,iphone,iPhone 14 Pro Max,"
                        midtown east
                    "
297,oem apple earpods with lightning connector in ear canal headset - whit,20.0,https://newyork.craigslist.org/mnh/mob/d/new-york-oem-apple-earpods-with/7876860465.html,missing,missing,"
                        midtown east
                    "
298,apple usb a power adapter,,https://newyork.craigslist.org/mnh/mob/d/new-york-apple-usb-power-adapter/7876860292.html,missing,missing,"
                        midtown east
                    "
299,apple iphone usb-c to lightning cable,,https://newyork.craigslist.org/mnh/mob/d/new-york-apple-iphone-usb-to-lightning/7876860352.html,iphone,missing,"
                        midtown east
                    "
300,genuine otterbox defender case galaxy s4 open box,,https://newjersey.craigslist.org/mob/d/chatham-genuine-otterbox-defender-case/7890154171.html,missing,Galaxy S4,
301,speck presidio2 grip case black for iphone 13 & 14,12.0,https://newjersey.craigslist.org/mob/d/chatham-speck-presidio2-grip-case-black/7912905569.html,iphone,iPhone 13,
302,*****google pixel 9*****,375.0,https://longisland.craigslist.org/mob/d/farmingdale-google-pixel/7896681149.html,missing,Pixel 9,"
                        long island / farmingdale
                    "
303,iphone 17 pro max 256 gb brand new sealed silver,1200.0,https://newjersey.craigslist.org/mob/d/paterson-iphone-17-pro-max-256-gb-brand/7912896295.html,iphone,iPhone 17 Pro Max,"
                        clifton
                    "
304,micro sd memory card 32gb-new,,https://washingtondc.craigslist.org/doc/mob/d/alexandria-micro-sd-memory-card-32gb-new/7897190384.html,missing,missing,"
                        alexandria, va
                    "
305,"apple iphone 12 pro, 128gb, pacific blue",280.0,https://newyork.craigslist.org/que/mob/d/ridgewood-apple-iphone-12-pro-128gb/7898381898.html,iphone,iPhone 12 Pro,"
                        queens
                    "
306,"samsung galaxy note 10, 256gb, aura glow",,https://newyork.craigslist.org/mnh/mob/d/new-york-samsung-galaxy-note-gb-aura/7900223698.html,samsung,Galaxy Note 10,"
                        manhattan
                    "
307,"samsung galaxy sm-a426u 5g verizon semi-unlocked! case, box, charger!",80.0,https://newyork.craigslist.org/que/mob/d/astoria-samsung-galaxy-sm-a426u-5g/7886534450.html,samsung,Galaxy S,"
                        astoria
                    "
308,apple iphone 6s 32gb - unlocked - needs battery,40.0,https://newyork.craigslist.org/brk/mob/d/brooklyn-apple-iphone-6s-32gb-unlocked/7903652792.html,iphone,iPhone 6S,"
                        ave u, brooklyn
                    "
309,new android phone usb-c car charger cable - 2 pack,,https://newyork.craigslist.org/brk/mob/d/brooklyn-new-android-phone-usb-car/7882181820.html,missing,missing,"
                        brooklyn
                    "
310,iphone 16 pro max t-mobile 256gb,600.0,https://newyork.craigslist.org/que/mob/d/ridgewood-iphone-16-pro-max-mobile-256gb/7904144588.html,iphone,iPhone 16 Pro Max,"
                        queens
                    "
311,tmobile motorola edge 2025,240.0,https://newyork.craigslist.org/que/mob/d/ridgewood-tmobile-motorola-edge-2025/7898438264.html,motorola,missing,"
                        ridgewood
                    "
312,"tecno camon 40 pro - brand new, full box, top specs! $250",250.0,https://newyork.craigslist.org/que/mob/d/corona-tecno-camon-40-pro-brand-new/7912894995.html,missing,missing,"
                        queens
                    "
313,celestial sun moon pattern clear phone case (for iphone 14 pro) [new],15.0,https://newyork.craigslist.org/mnh/mob/d/new-york-celestial-sun-moon-pattern/7909417525.html,iphone,iPhone 14 Pro,"
                        union square
                    "
314,"cmuepo cell phone stand, adjustable angle height phone stand for desk",,https://newyork.craigslist.org/brk/mob/d/brooklyn-cmuepo-cell-phone-stand/7887656038.html,missing,missing,"
                        brooklyn
                    "
315,poweradd pilot pro3 30000mah power bank portable battery charger | new,35.0,https://newyork.craigslist.org/brk/mob/d/brooklyn-poweradd-pilot-pro-mah-power/7887656354.html,missing,missing,"
                        brooklyn, ny
                    "
316,"einova polaris 140w dual port usb-c charger, 2 usb-c ports, black, new",49.0,https://newyork.craigslist.org/brk/mob/d/brooklyn-einova-polaris-140w-dual-port/7887289437.html,missing,missing,"
                        brooklyn
                    "
317,ushield premium screen protectors ultra privacy (3) pack (iphone 7/8),15.0,https://newyork.craigslist.org/mnh/mob/d/new-york-ushield-premium-screen/7909470564.html,missing,iPhone 7,"
                        union square
                    "
318,"iphone 16 plus tempered glass screen protectors (new, in-box)",15.0,https://newyork.craigslist.org/mnh/mob/d/new-york-iphone-16-plus-tempered-glass/7910788224.html,iphone,iPhone 16 Plus,"
                        union square
                    "
319,iphone 16 plus - tempered glass screen protector pack (brand new),,https://newyork.craigslist.org/mnh/mob/d/new-york-iphone-16-plus-tempered-glass/7910788199.html,iphone,iPhone 16 Plus,"
                        union square
                    "
320,"samsung s5 cell phone, 2 batteries and charger",40.0,https://annapolis.craigslist.org/mob/d/deale-samsung-s5-cell-phone-batteries/7900593371.html,samsung,missing,"
                        deale
                    "
321,google pixel 7 pro.  unlocked mint condition + google wireless charger,250.0,https://newhaven.craigslist.org/mob/d/wallingford-google-pixel-pro-unlocked/7908021858.html,google,Pixel 7 Pro,"
                        wallingford
                    "
322,motorola moto g stylus 5g unlocked pantone gibraltar sea,299.0,https://newyork.craigslist.org/que/mob/d/middle-village-motorola-moto-stylus-5g/7897147393.html,motorola,Moto G,"
                        queens middle village
                    "
323,new unlocked moto g power 2025 world phone 8/128gb 50mp camera gray,200.0,https://washingtondc.craigslist.org/nva/mob/d/arlington-new-unlocked-moto-power-2025/7904636752.html,missing,Moto G Power,"
                        arlington
                    "
324,unlocked xiaomi redmi 9 android dual sim world phone not charging,50.0,https://washingtondc.craigslist.org/nva/mob/d/arlington-unlocked-xiaomi-redmi-android/7901111341.html,xiaomi,missing,"
                        arlington
                    "
325,"new motorola edge 2024 unlocked 8/256gb 50mp camera 6.6"" oled midnight",250.0,https://washingtondc.craigslist.org/nva/mob/d/arlington-new-motorola-edge-2024/7876839408.html,motorola,missing,"
                        arlington
                    "
326,poweradd pilot pro3 30000mah power bank portable battery charger | new,35.0,https://newyork.craigslist.org/brk/mob/d/brooklyn-poweradd-pilot-pro-mah-power/7883487449.html,missing,missing,"
                        brooklyn, ny
                    "
327,energycell pilot 4gs portable charger 12000mah fast charging pwr bank,19.0,https://newyork.craigslist.org/brk/mob/d/brooklyn-energycell-pilot-4gs-portable/7883468775.html,missing,missing,"
                        brooklyn
                    "
328,vanity 212 number for sale,50.0,https://newyork.craigslist.org/mnh/mob/d/new-york-vanity-212-number-for-sale/7901632116.html,missing,missing,"
                        midtown
                    "
329,2-pack - griffin 10w wireless charging stand - slate gray - brand new,25.0,https://newyork.craigslist.org/brk/mob/d/brooklyn-pack-griffin-10w-wireless/7882545444.html,missing,missing,"
                        brooklyn
                    "
330,iphone 13,200.0,https://allentown.craigslist.org/mob/d/phillipsburg-iphone-13/7899008991.html,iphone,iPhone 13,
331,new smartphone case,,https://newyork.craigslist.org/mnh/mob/d/new-york-new-smartphone-case/7906456312.html,missing,missing,"
                        upper east side
                    "
332,genuine leather case for motorola v60 flip-fone cell phone,,https://allentown.craigslist.org/mob/d/easton-genuine-leather-case-for/7907607867.html,motorola,missing,"
                        phillipsburg nj
                    "
333,samsung gear 2 smartwatch (iphone / android) - gear 2,100.0,https://newjersey.craigslist.org/mob/d/jersey-city-samsung-gear-smartwatch/7911504879.html,samsung,missing,"
                        jersey city
                    "
334,apple watch 44mm series 4 nike special edition,165.0,https://newjersey.craigslist.org/mob/d/jersey-city-apple-watch-44mm-series/7911504857.html,missing,missing,"
                        jersey city
                    "
335,iphone xr to 17 pro convert,260.0,https://newjersey.craigslist.org/mob/d/ridgefield-iphone-xr-to-17-pro-convert/7910488221.html,iphone,iPhone XR,"
                        ridgefield
                    "
336,iphone x to 15 pro convert,290.0,https://newjersey.craigslist.org/mob/d/ridgefield-iphone-to-15-pro-convert/7910488216.html,iphone,iPhone X,"
                        ridgefield
                    "
337,iphone 16e 128gb white,470.0,https://newjersey.craigslist.org/mob/d/ridgefield-iphone-16e-128gb-white/7910488162.html,iphone,iPhone 16,"
                        ridgefield
                    "
338,iphone 15 pro max 1tb,1050.0,https://newjersey.craigslist.org/mob/d/ridgefield-iphone-15-pro-max-1tb/7910488157.html,iphone,iPhone 15 Pro Max,"
                        ridgefield
                    "
339,iphone 15 plus 128gb pink,550.0,https://newjersey.craigslist.org/mob/d/ridgefield-iphone-15-plus-128gb-pink/7910488147.html,iphone,iPhone 15 Plus,"
                        ridgefield
                    "
340,iphone 15 unlocked,500.0,https://newjersey.craigslist.org/mob/d/ridgefield-iphone-15-unlocked/7910488142.html,iphone,iPhone 15,"
                        ridgefield
                    "
341,iphone 14 pro max 256gb,580.0,https://newjersey.craigslist.org/mob/d/ridgefield-iphone-14-pro-max-256gb/7910896125.html,iphone,iPhone 14 Pro Max,"
                        ridgefield
                    "
342,iphone 14 pro max,580.0,https://newjersey.craigslist.org/mob/d/ridgefield-iphone-14-pro-max/7910486351.html,iphone,iPhone 14 Pro Max,"
                        ridgefield
                    "
343,dicheer stylish black crocodile protective iphone 7/8 case-new,20.0,https://newyork.craigslist.org/mnh/mob/d/new-york-dicheer-stylish-black/7886764894.html,iphone,iPhone 7,"
                        east village
                    "
344,iphone 14 plus 128gb,470.0,https://newjersey.craigslist.org/mob/d/ridgefield-iphone-14-plus-128gb/7910486330.html,iphone,iPhone 14 Plus,"
                        ridgefield
                    "
345,iphone 14 pro 256gb,550.0,https://newjersey.craigslist.org/mob/d/ridgefield-iphone-14-pro-256gb/7910486339.html,iphone,iPhone 14 Pro,"
                        ridgefield
                    "
346,iphone 14 256gb,500.0,https://newjersey.craigslist.org/mob/d/ridgefield-iphone-gb/7910486326.html,iphone,iPhone 14,"
                        ridgefield
                    "
347,samsung m510 flip phone - for parts/repair - includes charger & box,20.0,https://newyork.craigslist.org/mnh/mob/d/new-york-samsung-m510-flip-phone-for/7886010570.html,samsung,missing,"
                        east village
                    "
348,iphone 14 128gb,430.0,https://newjersey.craigslist.org/mob/d/ridgefield-iphone-gb/7910486320.html,iphone,iPhone 14,"
                        ridgefield
                    "
